loc_code,natearth_subunit,region,decimallatitude,decimallongitude,verbatimelevation,verbatimcoordinates,ecocode
DR22B1A,Hawaii,Kauaʻi,22.1294,-159.5775,1260m,,
DR22B1B,Hawaii,Kauaʻi,22.1281,-159.5774,1260m,,
DR22B1C,Hawaii,Kauaʻi,22.1272,-159.5763,1270m,,
DR22B1D,Hawaii,Kauaʻi,22.1289,-159.5781,1250m,,
DR22B1E,Hawaii,Kauaʻi,22.1288,-159.5774,1260m,,
DR22B1F,Hawaii,Kauaʻi,22.1288,-159.5774,1260m,,
DR22B1G,Hawaii,Kauaʻi,22.1302,-159.5789,1260m,,
DR22B1H,Hawaii,Kauaʻi,22.1292,-159.5777,1260m,,
DR22B1I,Hawaii,Kauaʻi,22.129,-159.5787,1250m,,
DR22B1J,Hawaii,Kauaʻi,22.1285,-159.5773,1260m,,
DR22B1K,Hawaii,Kauaʻi,22.1285,-159.5773,1260m,,
DR22B1L,Hawaii,Kauaʻi,22.1285,-159.5773,1260m,,
DR22B1M,Hawaii,Kauaʻi,22.1273,-159.5755,1270m,,
DR22B1N,Hawaii,Kauaʻi,22.1294,-159.5784,1260m,,
DR22B1O,Hawaii,Kauaʻi,22.1273,-159.5755,1270m,,
DR22B1P,Hawaii,Kauaʻi,22.1274,-159.5752,1270m,,
DR22B1Q,Hawaii,Kauaʻi,22.1292,-159.5777,1260m,,
DR22B2A,Hawaii,Oʻahu,21.2821,-157.6775,7m,,
DR22B2D1,Hawaii,Oʻahu,21.2812,-157.6792,30m,,
DR22B2D2,Hawaii,Oʻahu,21.2812,-157.6792,30m,,
DR22B2E,Hawaii,Oʻahu,21.3095,-157.6563,50m,,
DR22B2F,Hawaii,Oʻahu,21.3095,-157.6563,50m,,
DR22B2G,Hawaii,Oʻahu,21.3095,-157.6563,50m,,
DR22B3A,Hawaii,Oʻahu,21.5794,-157.9214,625m,,
DR22B5A,Hawaii,Oʻahu,21.3264,-157.7483,780m,,
DR22B2C,Hawaii,Oʻahu,21.3091,-157.6507,170m,,
DR22B2B,Hawaii,Oʻahu,21.2818,-157.6783,10m,,
DR22A1A,Hawaii,Oʻahu,21.2616,-157.8111,135m,,
DR21K2A,Hawaii,Oʻahu,21.4394,-157.8892,395m,,
DR21K2B,Hawaii,Oʻahu,21.4369,-157.8954,395m,,
DR21K2C,Hawaii,Oʻahu,21.4369,-157.8954,395m,,
DR21K2D,Hawaii,Oʻahu,21.4331,-157.9054,300m,,
DR21K2E,Hawaii,Oʻahu,21.4331,-157.9054,300m,,
DR22C2A,Hawaii,Oʻahu,21.4084,-157.8754,510m,,
DR22C2B,Hawaii,Oʻahu,21.4082,-157.8769,475m,,
DR22C2C,Hawaii,Oʻahu,21.408,-157.8776,485m,,
DR22C4A,Hawaii,Oʻahu,21.4667,-158.1028,810m,,
DR22C4B,Hawaii,Oʻahu,21.467,-158.1035,860m,,
DR22C4C,Hawaii,Oʻahu,21.467,-158.1029,810m,,
DR22C5A,Hawaii,Hawaiʻi,19.4319,-155.2835,1230m,,
DR22C5B,Hawaii,Hawaiʻi,19.4421,-155.3049,1250m,,
DR22C5C,Hawaii,Hawaiʻi,19.4406,-155.301,1220m,,
DR22C5D,Hawaii,Hawaiʻi,19.4621,-155.2475,1170m,,
DR22C5E,Hawaii,Hawaiʻi,19.4946,-155.2682,1330m,,
DR22C5F,Hawaii,Hawaiʻi,19.4917,-155.2662,1320m,,
DR22C5H,Hawaii,Hawaiʻi,19.4505,-155.1255,700m,,
DR22C5I,Hawaii,Hawaiʻi,19.4505,-155.1255,700m,,
DR22C5J,Hawaii,Hawaiʻi,19.4505,-155.1255,700m,,
DR22C5K,Hawaii,Hawaiʻi,19.4505,-155.1255,700m,,
DR22C5S,Hawaii,Hawaiʻi,19.4505,-155.1255,700m,,
DR22C7A,Hawaii,Kauaʻi,22.143,-159.657,1180m,,
DR22C7B,Hawaii,Kauaʻi,22.1468,-159.6605,1110m,,
DR22C7C,Hawaii,Kauaʻi,22.131,-159.6607,1160m,,
DR22C7D,Hawaii,Kauaʻi,22.1312,-159.6606,1165m,,
DR22C7E,Hawaii,Kauaʻi,22.1462,-159.6539,1220m,,
DR22C7F,Hawaii,Kauaʻi,22.1466,-159.6504,1250m,,
DR22C7G,Hawaii,Kauaʻi,22.1113,-159.674,1060m,,
DR22C7H,Hawaii,Kauaʻi,22.1113,-159.674,1060m,,
DR22C7S,Hawaii,Kauaʻi,22.1456,-159.65,1250m,,
DR22D2A,Hawaii,Oʻahu,21.3048,-157.7383,390m,,
DR22D1A,Hawaii,Oʻahu,21.3327,-157.8165,570m,,
DR22D1B,Hawaii,Oʻahu,21.3361,-157.8126,620m,,
DR22D8A,Hawaii,Oʻahu,21.5132,-158.194,870m,,
DR22D8B,Hawaii,Oʻahu,21.5131,-158.1946,860m,,
DR22D8C,Hawaii,Oʻahu,21.5134,-158.1932,890m,,
DR22D8D,Hawaii,Oʻahu,21.5127,-158.1924,890m,,
DR22D8E,Hawaii,Oʻahu,21.5132,-158.194,870m,,
DR22C7R,Hawaii,Kauaʻi,22.1467,-159.6505,1250m,,
DR22C7U,Hawaii,Kauaʻi,22.149,-159.6562,1140m,,
DR22C7Q,Hawaii,Kauaʻi,22.1482,-159.6553,1140m,,
DR22C7I,Hawaii,Kauaʻi,22.1116,-159.6738,1060m,,
DR22C7T,Hawaii,Kauaʻi,22.1456,-159.65,1250m,,
DR22C7M,Hawaii,Kauaʻi,22.1483,-159.6553,840m,,
DR22C7N,Hawaii,Kauaʻi,22.1483,-159.6553,840m,,
DR22C7O,Hawaii,Kauaʻi,22.148,-159.6552,1145m,,
DR22C7Z,Hawaii,Kauaʻi,22.1457,-159.6503,1250m,,
DR22C7Y,Hawaii,Kauaʻi,22.1498,-159.6571,1125m,,
DR22C7X,Hawaii,Kauaʻi,22.1462,-159.6539,1220m,,
DR22C7W,Hawaii,Kauaʻi,22.1491,-159.6562,1140m,,
DR22C7V,Hawaii,Kauaʻi,22.1467,-159.6505,1250m,,
DR22C7K,Hawaii,Kauaʻi,22.1298,-159.6611,1140m,,
DR22C7AA,Hawaii,Kauaʻi,22.1318,-159.6602,1160m,,
DR22C7L,Hawaii,Kauaʻi,22.1298,-159.6611,1140m,,
DR22C7J,Hawaii,Kauaʻi,22.1298,-159.6611,1140m,,
DR22C5M,Hawaii,Hawaiʻi,19.4946,-155.2682,1330m,,
DR22C5G,Hawaii,Hawaiʻi,19.4887,-155.2676,1310m,,
DR22C5R,Hawaii,Hawaiʻi,19.4887,-155.2676,1310m,,
DR22C5Q,Hawaii,Hawaiʻi,19.4887,-155.2676,1310m,,
DR22C5P,Hawaii,Hawaiʻi,19.4887,-155.2676,1310m,,
DR22C5O,Hawaii,Hawaiʻi,19.4887,-155.2676,1310m,,
DR22C5N,Hawaii,Hawaiʻi,19.4887,-155.2676,1310m,,
DR22C5L,Hawaii,Hawaiʻi,19.4946,-155.2682,1330m,,
DR22C4F2,Hawaii,Oʻahu,21.4667,-158.1028,810m,,
DR22C4E1,Hawaii,Oʻahu,21.4668,-158.1026,810m,,
DR22C4D,Hawaii,Oʻahu,21.467,-158.1035,860m,,
DR22C4F3,Hawaii,Oʻahu,21.4667,-158.1028,810m,,
DR22C4F4,Hawaii,Oʻahu,21.4667,-158.1028,810m,,
DR22C4E2,Hawaii,Oʻahu,21.4668,-158.1026,810m,,
DR22C4F1,Hawaii,Oʻahu,21.4667,-158.1028,810m,,
DR22C3A,Hawaii,Oʻahu,21.3036,-157.8038,230m,,
DR21B1A1,Hawaii,Oahu,21.41286,-158.09979,,,
DR21B1B1,Hawaii,Oahu,21.41076,-158.09906,,,
DR21B1B,Hawaii,Oahu,21.41076,-158.09906,,,
DR21B1B2,Hawaii,Oahu,21.41076,-158.09906,,,
DR21B2D,Hawaii,Oahu,21.404,-158.098,,,
DR21B2H,Hawaii,Oahu,21.404,-158.098,,,
DR21B2F,Hawaii,Oahu,21.404,-158.098,,,
DR21B2A,Hawaii,Oahu,21.404,-158.098,,,
DR21B2B,Hawaii,Oahu,21.404,-158.098,,,
DR21B2C,Hawaii,Oahu,21.404,-158.098,,,
DR21B2E,Hawaii,Oahu,21.404,-158.098,,,
DR21B2G,Hawaii,Oahu,21.404,-158.098,,,
DR21B2N,Hawaii,Oahu,21.405,-158.098,,,
DR21B2J,Hawaii,Oahu,21.405,-158.098,,,
DR21B2K,Hawaii,Oahu,21.405,-158.098,,,
DR21B2L,Hawaii,Oahu,21.405,-158.098,,,
DR21B2M,Hawaii,Oahu,21.405,-158.098,,,
DR21B2I,Hawaii,Oahu,21.405,-158.098,,,
DR21B2Q,Hawaii,Oahu,21.406,-158.098,,,
DR21B2R,Hawaii,Oahu,21.406,-158.098,,,
DR21B2P,Hawaii,Oahu,21.406,-158.098,,,
DR21B2O,Hawaii,Oahu,21.406,-158.098,,,
DR21B2W,Hawaii,Oahu,21.408,-158.099,,,
DR21B2X,Hawaii,Oahu,21.408,-158.099,,,
DR21B2S,Hawaii,Oahu,21.408,-158.099,,,
DR21B2U,Hawaii,Oahu,21.408,-158.099,,,
DR21B2V,Hawaii,Oahu,21.408,-158.099,,,
DR21B2T,Hawaii,Oahu,21.408,-158.099,,,
DR21B2A1,Hawaii,Oahu,21.409,-158.099,,,
DR21B2Y,Hawaii,Oahu,21.409,-158.099,,,
DR21B2D1,Hawaii,Oahu,21.409,-158.099,,,
DR21B2C1,Hawaii,Oahu,21.409,-158.099,,,
DR21B2B1,Hawaii,Oahu,21.409,-158.099,,,
DR21B2Z,Hawaii,Oahu,21.409,-158.099,,,
DR21B2E1,Hawaii,Oahu,21.413,-158.1,,,
DR21B2F1,Hawaii,Oahu,21.413,-158.1,,,
DR21B2G1,Hawaii,Oahu,21.413,-158.1,,,
DR22E3A,Hawaii,Oʻahu,21.535,-158.1815,670m,,
DR22C4F5,Hawaii,Oʻahu,21.4667,-158.1028,810m,,
DR22E6A,Hawaii,Oʻahu,21.5304,-157.9465,544m,,
DR22E6B,Hawaii,Oʻahu,21.5329,-157.9307,645m,,
DR22E6C,Hawaii,Oʻahu,21.5329,-157.9307,645m,,
DR22E6D,Hawaii,Oʻahu,21.53,-157.9541,591m,,
DR22E6E,Hawaii,Oʻahu,21.5336,-157.9225,744m,,
DR22E6F,Hawaii,Oʻahu,21.5334,-157.9251,712m,,
DR22E6G,Hawaii,Oʻahu,21.5334,-157.9251,712m,,
DR22E6H,Hawaii,Oʻahu,21.5334,-157.9251,712m,,
DR22E6I,Hawaii,Oʻahu,21.5329,-157.9307,645m,,
DR22E6J,Hawaii,Oʻahu,21.5329,-157.9307,645m,,
DR22E6K,Hawaii,Oʻahu,21.5329,-157.9307,645m,,
DR22E6L,Hawaii,Oʻahu,21.5329,-157.9307,645m,,
DR22E6M,Hawaii,Oʻahu,21.5329,-157.9307,645m,,
DR22E8A,Hawaii,Kauaʻi,22.1018,-159.4647,265m,,
DR22E8B,Hawaii,Kauaʻi,22.1007,-159.4661,285m,,
DR22E8C,Hawaii,Kauaʻi,22.102,-159.4651,270m,,
DR22E8D,Hawaii,Kauaʻi,22.1009,-159.4652,275m,,
DR22E8E,Hawaii,Kauaʻi,22.1009,-159.4652,275m,,
DR22E8F,Hawaii,Kauaʻi,22.1009,-159.4652,275m,,
DR22E8G,Hawaii,Kauaʻi,22.1018,-159.4646,265m,,
DR22E8H,Hawaii,Kauaʻi,22.1018,-159.4646,265m,,
DR22E8I,Hawaii,Kauaʻi,22.1018,-159.4646,265m,,
DR22C7P,Hawaii,Kauaʻi,22.148,-159.6552,1145m,,
DR22F1A,Hawaii,Maui,20.7803,-156.2275,1839m,,
DR22F1B,Hawaii,Maui,20.78,-156.2276,1847m,,
DR22F1C,Hawaii,Maui,20.7796,-156.2277,1857m,,
DR22F1D,Hawaii,Maui,20.7794,-156.228,1863m,,
DR22F1E,Hawaii,Maui,20.7729,-156.2352,1976m,,
DR22F1F,Hawaii,Maui,20.7661,-156.241,2085m,,
DR22F1G,Hawaii,Maui,20.7638,-156.2417,2107m,,
DR22F1H,Hawaii,Maui,20.7644,-156.2413,2103m,,
DR22F1I,Hawaii,Maui,20.7682,-156.2443,2044m,,
DR22F1J,Hawaii,Maui,20.7793,-156.2278,1861m,,
DR22F1K,Hawaii,Maui,20.7798,-156.2276,1850m,,
DR22F1L,Hawaii,Maui,20.778,-156.2287,1901m,,
DR22F1M,Hawaii,Maui,20.7644,-156.2413,2100m,,
DR22F1N,Hawaii,Maui,20.7683,-156.2381,2041m,,
DR22F1O,Hawaii,Maui,20.7744,-156.2338,1967m,,
DR22F1P,Hawaii,Maui,20.7662,-156.2411,2085m,,
DR22F1Q,Hawaii,Maui,20.7798,-156.2276,1850m,,
DR22F8A,Hawaii,Oʻahu,21.4154,-157.859,600m,,
DR22F9D,Hawaii,Molokaʻi,21.1174,-156.9079,1180m,,
DR21J6A,Hawaii,Oʻahu,21.3636,-157.8183,640m,,
DR21J6D,Hawaii,Oʻahu,21.353,-157.8334,450m,,
DR21J6F,Hawaii,Oʻahu,21.3623,-157.8214,650m,,
DR21J6E,Hawaii,Oʻahu,21.353,-157.8334,450m,,
DR21J6B,Hawaii,Oʻahu,21.3597,-157.826,580m,,
DR22I1A,Hawaii,Oʻahu,21.3245,-157.742,755m,,
DR22I1B,Hawaii,Oʻahu,21.3233,-157.742,705m,,
DR22I1C,Hawaii,Oʻahu,21.3152,-157.7427,450m,,
DR22I1D,Hawaii,Oʻahu,21.3173,-157.7432,480m,,
DR22I2A,Hawaii,Oʻahu,21.3214,-157.749,620m,,
DR22I2B,Hawaii,Oʻahu,21.3197,-157.7497,600m,,
DR22I4B,Hawaii,Oʻahu,21.5371,-158.1806,637m,,
DR22I4C,Hawaii,Oʻahu,21.5348,-158.1814,670m,,
DR22I4D,Hawaii,Oʻahu,21.5472,-158.1854,480m,,
DR22I4E,Hawaii,Oʻahu,21.5335,-158.1817,668m,,
DR22I4F,Hawaii,Oʻahu,21.5335,-158.1817,668m,,
DR22I4G,Hawaii,Oʻahu,21.5335,-158.1817,668m,,
DR22I4H,Hawaii,Oʻahu,21.5335,-158.1817,668m,,
DR22I4I,Hawaii,Oʻahu,21.5335,-158.1817,668m,,
DR22I4J,Hawaii,Oʻahu,21.5335,-158.1817,668m,,
DR22I4K,Hawaii,Oʻahu,21.5335,-158.1817,668m,,
DR22I4L,Hawaii,Oʻahu,21.5335,-158.1817,668m,,
DR22I4M,Hawaii,Oʻahu,21.5335,-158.1817,668m,,
DR22I4N,Hawaii,Oʻahu,21.5335,-158.1817,668m,,
DR22I4O,Hawaii,Oʻahu,21.5335,-158.1817,668m,,
DR22J1A,Hawaii,Oʻahu,21.452,-158.0888,665m,,
DR22J1B,Hawaii,Oʻahu,21.452,-158.0888,665m,,
DR22J1C,Hawaii,Oʻahu,21.452,-158.0888,665m,,
DR22J1D,Hawaii,Oʻahu,21.452,-158.0888,665m,,
DR22J3A,Hawaii,Hawaiʻi,19.7635,-155.4506,2890m,,
DR22J4A,Hawaii,Maui,20.8103,-156.2497,1285m,,
DR22J4B,Hawaii,Maui,20.8085,-156.2513,1295m,,
DR22J4C,Hawaii,Maui,20.8192,-156.2688,1035m,,
DR22J4D,Hawaii,Maui,20.84,-156.2762,705m,,
DR22J4E,Hawaii,Maui,20.84,-156.2761,715m,,
DR22J4F,Hawaii,Maui,20.8385,-156.2752,745m,,
DR22J4G,Hawaii,Maui,20.8097,-156.2631,1205m,,
DR22J4H,Hawaii,Maui,20.8085,-156.2513,1295m,,
DR22J4I,Hawaii,Maui,20.8093,-156.2509,1290m,,
DR22J4J,Hawaii,Maui,20.9152,-156.3475,95m,,
DR21G4,Hawaii,Hawaiʻi,19.6912,-155.266,1100m,,
DR21G2E,Hawaii,Hawaiʻi,19.6727,-155.3347,1545m,,
DR22K2A,Hawaii,Oʻahu,21.5331,-157.9254,705m,,
DR22K2B,Hawaii,Oʻahu,21.5286,-157.9202,760m,,
DR22K2C,Hawaii,Oʻahu,21.527,-157.9198,775m,,
DR22K2D,Hawaii,Oʻahu,21.5304,-157.9202,770m,,
DR22K2E,Hawaii,Oʻahu,21.5267,-157.919,775m,,
DR22K2F,Hawaii,Oʻahu,21.5337,-157.9225,755m,,
DR22K2G,Hawaii,Oʻahu,21.534,-157.9234,735m,,
DR22K2H,Hawaii,Oʻahu,21.5336,-157.9286,660m,,
DR22L1A,Hawaii,Oʻahu,21.3224,-157.7415,625m,,
DR22L1B,Hawaii,Oʻahu,21.3225,-157.7412,625m,,
DR22L1C,Hawaii,Oʻahu,21.3212,-157.7413,545m,,
DR22L1D,Hawaii,Oʻahu,21.3221,-157.7413,600m,,
DR22L1E,Hawaii,Oʻahu,21.3221,-157.7413,600m,,
DR22L1F,Hawaii,Oʻahu,21.323,-157.741,650m,,
DR22L2A,Hawaii,Oʻahu,21.636,-157.9867,500m,,
DR22L2B,Hawaii,Oʻahu,21.636,-157.9867,500m,,
DR22L2C,Hawaii,Oʻahu,21.636,-157.9867,500m,,
DR23A1A,Hawaii,Oʻahu,21.3341,-157.8174,435m,,
DR23A5A,Hawaii,Oʻahu,21.327,-157.7488,765m,,
DR23A5B,Hawaii,Oʻahu,21.3175,-157.7563,325m,,
DR23B1A,Hawaii,Oʻahu,21.3794,-157.7653,20m,,
DR23B2A,Hawaii,Oʻahu,21.3266,-157.826,330m,,
DR23B2B,Hawaii,Oʻahu,21.3259,-157.8244,340m,,
DR23B3A,Hawaii,Oʻahu,21.5417,-158.1935,600m,,
DR23B3B,Hawaii,Oʻahu,21.5415,-158.1923,580m,,
DR23B3C,Hawaii,Oʻahu,21.5439,-158.1883,460m,,
DR23B3D,Hawaii,Oʻahu,21.5456,-158.195,610m,,
DR23B3E,Hawaii,Oʻahu,21.5456,-158.195,610m,,
DR23B4A,Hawaii,Oʻahu,21.297,-158.1071,1m,,
DR23B4B,Hawaii,Oʻahu,21.2968,-158.1048,1m,,
DR23B4C,Hawaii,Oʻahu,21.297,-158.1071,1m,,
DR23C1A,Hawaii,Oʻahu,21.3274,-157.7924,235m,,
DR23C1B,Hawaii,Oʻahu,21.3266,-157.7922,230m,,
DR23C2A,Hawaii,Oʻahu,21.3375,-157.8109,570m,,
DR23C3A,Hawaii,Oʻahu,21.2869,-157.8197,5m,,
DR23C8A,Hawaii,Oʻahu,21.2869,-157.8197,5m,,
DR23C9A,Hawaii,Oʻahu,21.3011,-157.7567,100m,,
DR23C9B,Hawaii,Oʻahu,21.3011,-157.7567,100m,,
DR23D1A,Hawaii,Oʻahu,21.439,-158.0935,660m,,
DR23D1B,Hawaii,Oʻahu,21.439,-158.0935,660m,,
DR23D1C,Hawaii,Oʻahu,21.4387,-158.0939,685m,,
DR23D1D,Hawaii,Oʻahu,21.4387,-158.0939,685m,,
DR23D1E,Hawaii,Oʻahu,21.4387,-158.0939,685m,,
DR23D1F,Hawaii,Oʻahu,21.4398,-158.0882,575m,,
DR23D3A,Hawaii,Oʻahu,21.5409,-158.1928,595m,,
DR23D4A,Hawaii,Hawaiʻi,19.2107,-155.8169,1225m,,
DR23D4B,Hawaii,Hawaiʻi,19.2107,-155.8169,1225m,,
DR23D4C,Hawaii,Hawaiʻi,19.1972,-155.8078,1275m,Yellow,
DR23D4D,Hawaii,Hawaiʻi,19.1974,-155.8051,1305m,Orange,
DR23D4E,Hawaii,Hawaiʻi,19.2121,-155.8169,1230m,Red,
DR23D4F,Hawaii,Hawaiʻi,19.2115,-155.8169,1230m,Green,
DR23D4G,Hawaii,Hawaiʻi,19.1585,-155.8211,900m,Yellow,
DR23D4H,Hawaii,Hawaiʻi,19.1579,-155.8181,935m,Orange,
DR23D4I,Hawaii,Hawaiʻi,19.1588,-155.8168,960m,Red,
DR23D4J,Hawaii,Hawaiʻi,19.1601,-155.8217,905m,Green,
DR23D4K,Hawaii,Hawaiʻi,19.6423,-156.0082,1m,,
DR23D4L,Hawaii,Hawaiʻi,19.1601,-155.8217,905m,,
DR23D4M,Hawaii,Hawaiʻi,19.1601,-155.8217,905m,,
DR23D4N,Hawaii,Hawaiʻi,19.1538,-155.8187,905m,,
DR23D4O,Hawaii,Hawaiʻi,19.1538,-155.8187,905m,,
DR23D4P,Hawaii,Hawaiʻi,19.1538,-155.8187,905m,,
DR23D4Q,Hawaii,Hawaiʻi,19.1538,-155.8187,905m,,
DR23D4R,Hawaii,Hawaiʻi,19.1601,-155.8217,905m,,
DR23D4S,Hawaii,Hawaiʻi,19.1974,-155.8051,1305m,,
DR23D4T,Hawaii,Hawaiʻi,19.1978,-155.8056,1300m,,
DR23D4U,Hawaii,Hawaiʻi,19.1972,-155.8078,1275m,,
DR23D4V,Hawaii,Hawaiʻi,19.1972,-155.8078,1275m,,
DR23D4W,Hawaii,Hawaiʻi,19.1972,-155.8078,1275m,,
DR23D4X,Hawaii,Hawaiʻi,19.1972,-155.8078,1275m,,
DR23D4Y,Hawaii,Hawaiʻi,19.1972,-155.8078,1275m,,
DR23D4Z,Hawaii,Hawaiʻi,19.1972,-155.8078,1275m,,
DR23D6A,Hawaii,Oʻahu,21.5039,-158.1473,1195m,,
DR23D6B,Hawaii,Oʻahu,21.5042,-158.1505,970m,,
DR22I4A,Hawaii,Oʻahu,21.5399,-158.1821,607m,,
DR23E2A,Hawaii,Oʻahu,21.3374,-157.811,570m,,
DR23E2B,Hawaii,Oʻahu,21.3374,-157.811,570m,,
DR23E2C,Hawaii,Oʻahu,21.3382,-157.8109,555m,,
DR23E2D,Hawaii,Oʻahu,21.3382,-157.8109,555m,,
DR23E2E,Hawaii,Oʻahu,21.338,-157.8109,560m,,
DR23E2F,Hawaii,Oʻahu,21.3377,-157.8108,560m,,
DR23E2G,Hawaii,Oʻahu,21.3377,-157.8108,560m,,
DR23E2H,Hawaii,Oʻahu,21.3374,-157.811,570m,,
DR23E5A,Hawaii,Oʻahu,21.4389,-158.0939,675m,,
DR23E5B,Hawaii,Oʻahu,21.439,-158.0935,655m,,
DR23E5C,Hawaii,Oʻahu,21.439,-158.0935,655m,,
DR23E5D,Hawaii,Oʻahu,21.439,-158.0935,655m,,
DR23E5E,Hawaii,Oʻahu,21.439,-158.0935,655m,,
DR23E5F,Hawaii,Oʻahu,21.439,-158.0935,655m,,
DR23E5G,Hawaii,Oʻahu,21.439,-158.0935,655m,,
DR23E5H,Hawaii,Oʻahu,21.439,-158.0935,655m,,
DR23E5I,Hawaii,Oʻahu,21.439,-158.0935,655m,,
DR23E5J,Hawaii,Oʻahu,21.439,-158.0935,655m,,
DR23E5K,Hawaii,Oʻahu,21.439,-158.0935,655m,,
DR23E5L,Hawaii,Oʻahu,21.439,-158.0935,655m,,
DR23E5M,Hawaii,Oʻahu,21.439,-158.0935,655m,,
DR23E5N,Hawaii,Oʻahu,21.439,-158.0935,655m,,
DR23E5O,Hawaii,Oʻahu,21.439,-158.0935,655m,,
DR23E5P,Hawaii,Oʻahu,21.439,-158.0935,655m,,
DR23E6A,Hawaii,Oʻahu,21.4416,-158.0876,505m,,
DR23E6B,Hawaii,Oʻahu,21.4416,-158.0876,505m,,
DR23E6C,Hawaii,Oʻahu,21.4416,-158.0876,505m,,
DR23E6D,Hawaii,Oʻahu,21.4416,-158.0876,505m,,
DR23E6E,Hawaii,Oʻahu,21.4416,-158.0876,505m,,
DR23E7A,Hawaii,Oʻahu,21.4376,-158.094,785m,,
DR23E7B,Hawaii,Oʻahu,21.4389,-158.0939,675m,,
DR23F1A,Hawaii,Hawai'i,19.523,-155.851,1175m,,
DR23F1B,Hawaii,Hawai'i,19.5227,-155.8509,1175m,,
DR23F1C,Hawaii,Hawai'i,19.5227,-155.8509,1175m,,
DR23F1D,Hawaii,Hawai'i,19.5217,-155.852,1165m,,
DR23F1E,Hawaii,Hawai'i,19.5521,-155.8062,1475m,,
DR23F1F,Hawaii,Hawai'i,19.5531,-155.8072,1470m,,
DR23F1G,Hawaii,Hawai'i,19.5521,-155.8062,1475m,,
DR23F1H,Hawaii,Hawai'i,19.5521,-155.8062,1475m,,
DR23F1I,Hawaii,Hawai'i,19.5521,-155.8062,1475m,,
DR23G2A,Hawaii,Kauaʻi,22.0101,-159.77,3m,,
DR23G2B,Hawaii,Kauaʻi,22.0101,-159.77,3m,,
DR23G2C,Hawaii,Kauaʻi,22.1515,-159.6465,1230m,,
DR23G2D,Hawaii,Kauaʻi,22.148,-159.6301,1260m,,
DR23G2E,Hawaii,Kauaʻi,22.1483,-159.6292,1250m,,
DR23G2F,Hawaii,Kauaʻi,22.1483,-159.6292,1250m,,
DR23G2G,Hawaii,Kauaʻi,22.1483,-159.6292,1250m,,
DR23G2H,Hawaii,Kauaʻi,22.1485,-159.6287,1240m,,
DR23G2I,Hawaii,Kauaʻi,22.1516,-159.6212,1255m,,
DR23G2J,Hawaii,Kauaʻi,22.1312,-159.6606,1170m,,
DR23G2K,Hawaii,Kauaʻi,22.1299,-159.6601,1130m,,
DR23G2L,Hawaii,Kauaʻi,22.1311,-159.6608,1160m,,
DR23G2M,Hawaii,Kauaʻi,22.1428,-159.6538,1235m,,
DR23G2N,Hawaii,Kauaʻi,22.1292,-159.5782,1260m,,
DR23G2O,Hawaii,Kauaʻi,22.13,-159.5774,1260m,,
DR23G2P,Hawaii,Kauaʻi,22.13,-159.578,1265m,,
DR23G2Q,Hawaii,Kauaʻi,22.1297,-159.578,1265m,,
DR23H1A,Hawaii,Hawaiʻi,20.0696,-155.7236,1460m,,
DR23H1B,Hawaii,Hawaiʻi,20.0703,-155.7232,1475m,,
DR23H1C,Hawaii,Hawaiʻi,20.0709,-155.7228,1485m,,
DR23H1D,Hawaii,Hawaiʻi,20.0693,-155.7243,1445m,,
DR23H1E,Hawaii,Hawaiʻi,20.0691,-155.7244,1440m,,
DR23H1F,Hawaii,Hawaiʻi,20.0692,-155.7247,1450m,,
DR23H1G,Hawaii,Hawaiʻi,20.0694,-155.7236,1455m,,
DR23H1H,Hawaii,Hawaiʻi,20.0703,-155.7232,1195m,,
DR23H1I,Hawaii,Hawaiʻi,20.0483,-155.7371,965m,,
DR23H1J,Hawaii,Hawaiʻi,20.0692,-155.7247,1450m,,
DR23H1K,Hawaii,Hawaiʻi,20.0692,-155.7247,1450m,,
DR23H1L,Hawaii,Hawaiʻi,20.0692,-155.7247,1450m,,
DR23H1M,Hawaii,Hawaiʻi,20.0692,-155.7247,1450m,,
DR23H2A,Hawaii,Oʻahu,21.5202,-158.1739,830m,,
DR23H3A,Hawaii,Oʻahu,21.338,-157.8107,470m,,
DR23H3B,Hawaii,Oʻahu,21.338,-157.8107,470m,,
DR23H3C,Hawaii,Oʻahu,21.338,-157.8107,470m,,
DR23H6A,Hawaii,Oʻahu,21.5694,-157.9197,610m,,
DR23H6B,Hawaii,Oʻahu,21.5709,-157.9217,660m,,
DR23H6C,Hawaii,Oʻahu,21.5705,-157.9215,650m,,
DR23H6D,Hawaii,Oʻahu,21.5707,-157.9201,620m,,
DR23H6E,Hawaii,Oʻahu,21.5694,-157.9197,610m,,
DR23H6F,Hawaii,Oʻahu,21.5694,-157.9197,610m,,
DR23H6G,Hawaii,Oʻahu,21.567,-157.9207,635m,,
DR23H6H,Hawaii,Oʻahu,21.567,-157.9207,635m,,
DR23H6I,Hawaii,Oʻahu,21.5644,-157.9205,670m,,
DR23H6J,Hawaii,Oʻahu,21.5709,-157.9217,660m,,
DR23H6K,Hawaii,Oʻahu,21.5644,-157.9205,670m,,
DR23H6L,Hawaii,Oʻahu,21.5694,-157.9197,610m,,
DR23I1A,Hawaii,Oʻahu,21.6358,-157.9891,500m,,
DR23H6M,Hawaii,Oʻahu,21.5694,-157.9197,610m,,
DR21I4A,Hawaii,Oʻahu,21.506,-158.145,1210m,,
DR21I5A,Hawaii,Oʻahu,21.5032,-158.1478,1190m,,
DR21I5B,Hawaii,Oʻahu,21.5027,-158.1495,1140m,,
DR21A7A,Hawaii,Oʻahu,21.5054,-158.1463,1200m,,
DR21G5A,Hawaii,Hawaiʻi,19.672,-155.3381,1560m,,
DR22C5T,Hawaii,Hawaiʻi,19.4887,-155.2676,1310m,,
DR23K1A,Hawaii,Oʻahu,21.3386,-157.8113,540m,,
DR23K1B,Hawaii,Oʻahu,21.3374,-157.8113,575m,,
DR23K3A,Hawaii,Oʻahu,21.2938,-157.659,3m,,
DR23L2A,Hawaii,Oʻahu,21.3207,-157.7295,630m,,
DR23L2B,Hawaii,Oʻahu,21.3209,-157.7271,465m,,
DR23L3A,Hawaii,Oʻahu,21.3124,-157.7559,240m,,
DR23L4A,Hawaii,Oʻahu,21.2923,-157.8216,5m,,
DR23L8A,Hawaii,Oʻahu,21.5476,-158.2239,430m,,
DR23L8B,Hawaii,Oʻahu,21.5545,-158.2215,565m,,
DR24A4A,Hawaii,Oʻahu,21.5415,-158.1922,605m,,
DR20K4A,Hawaii,Oahu,21.404,-158.098,876m,,
DR20K4B,Hawaii,Oahu,21.404,-158.098,876m,,
DR20K4C,Hawaii,Oahu,21.404,-158.098,876m,,
DR20K4D,Hawaii,Oahu,21.404,-158.098,876m,,
DR20K4E,Hawaii,Oahu,21.404,-158.098,876m,,
DR20K4F,Hawaii,Oahu,21.404,-158.098,876m,,
DR20K4G,Hawaii,Oahu,21.404,-158.098,876m,,
DR20K4H,Hawaii,Oahu,21.404,-158.098,876m,,
DR20K4I,Hawaii,Oahu,21.404,-158.098,876m,,
DR20K4J,Hawaii,Oahu,21.404,-158.098,853m,,
DR20K4K,Hawaii,Oahu,21.404,-158.098,853m,,
DR20K4L,Hawaii,Oahu,21.404,-158.098,853m,,
DR20K4M,Hawaii,Oahu,21.404,-158.098,853m,,
DR20K4N,Hawaii,Oahu,21.404,-158.098,853m,,
DR20K4O,Hawaii,Oahu,21.404,-158.098,853m,,
DR20K4P,Hawaii,Oahu,21.404,-158.098,853m,,
DR20K4Q,Hawaii,Oahu,21.404,-158.098,853m,,
DR20K4R,Hawaii,Oahu,21.405,-158.098,847m,,
DR20K4S,Hawaii,Oahu,21.405,-158.098,847m,,
DR20K4T,Hawaii,Oahu,21.405,-158.098,847m,,
DR20K4U,Hawaii,Oahu,21.405,-158.098,847m,,
DR20K4V,Hawaii,Oahu,21.405,-158.098,847m,,
DR20K4W,Hawaii,Oahu,21.405,-158.098,847m,,
DR20K4X,Hawaii,Oahu,21.405,-158.098,847m,,
DR20K4Y,Hawaii,Oahu,21.405,-158.098,847m,,
DR20K4Z,Hawaii,Oahu,21.405,-158.098,847m,,
DR20K4A1,Hawaii,Oahu,21.405,-158.098,847m,,
DR20K4B1,Hawaii,Oahu,21.405,-158.098,847m,,
DR20K4C1,Hawaii,Oahu,21.405,-158.098,847m,,
DR20K4D1,Hawaii,Oahu,21.405,-158.098,847m,,
DR20K4E1,Hawaii,Oahu,21.405,-158.098,847m,,
DR20K4F1,Hawaii,Oahu,21.413,-158.1,895m,,
DR20K4G1,Hawaii,Oahu,21.413,-158.1,895m,,
DR20K4H1,Hawaii,Oahu,21.413,-158.1,895m,,
DR20K4I1,Hawaii,Oahu,21.413,-158.1,895m,,
DR21B1C,Hawaii,Oahu,21.41076,-158.09906,,,
DR21B1A,Hawaii,Oahu,21.41286,-158.09979,,,
DR21C6,Hawaii,Hawaii,19.0744,-155.7585,560m,,
DR21D15A,Hawaii,Oʻahu,21.52,-158.1733,867m,,
DR21D15B,Hawaii,Oʻahu,21.52,-158.1733,867m,,
DR21D15C,Hawaii,Oʻahu,21.52,-158.1733,867m,,
DR21D15D,Hawaii,Oʻahu,21.52,-158.1733,867m,,
DR21D15E,Hawaii,Oʻahu,21.52,-158.1733,867m,,
DR21D15F,Hawaii,Oʻahu,21.52,-158.1733,867m,,
DR21D15,Hawaii,Oʻahu,21.52,-158.1733,867m,,
DR21D4,Hawaii,Oahu,21.413,-158.1,,,
KA21D1,Hawaii,Oʻahu,21.3538,-157.7883,950m,,
DR21D2,Hawaii,Oahu,21.403,-158.098,,,
DR21D5,Hawaii,Oahu,21.413,-158.101,,,
DR21D3,Hawaii,Oahu,21.412,-158.096,,,
DR21C4,Hawaii,Hawaii,19.0787,-155.689,771m,,
DR21C5,Hawaii,Hawaii,19.1117,-155.6759,1061m,,
DR21B2L1,Hawaii,Oahu,21.413,-158.1,,,
DR21B2H1,Hawaii,Oahu,21.413,-158.1,,,
DR21B2I1,Hawaii,Oahu,21.413,-158.1,,,
DR21B2J1,Hawaii,Oahu,21.413,-158.1,,,
DR21B2K1,Hawaii,Oahu,21.413,-158.1,,,
DR21B2M1,Hawaii,Oahu,21.413,-158.1,,,
DR21D6,Hawaii,Oahu,21.5082,-158.1441,,,
DR21D7,Hawaii,Oahu,21.5033,-158.1478,,,
DR21D8,Hawaii,Oahu,21.5029,-158.1482,,,
DR21D9,Hawaii,Oahu,21.5028,-158.1483,,,
DR21E2,Hawaii,Molokai,21.1183,-156.9041,1230m,,
DR21E2B,Hawaii,Molokai,21.1183,-156.9041,1230m,,
DR21E2A,Hawaii,Molokai,21.1183,-156.9041,1230m,,
DR21E2C,Hawaii,Molokai,21.1183,-156.9041,1230m,,
DR21E3,Hawaii,Molokai,21.1295,-156.9209,1095m,,
DR21E3A,Hawaii,Molokai,21.1295,-156.9209,1095m,,
DR21E3B,Hawaii,Molokai,21.1295,-156.9209,1095m,,
DR21E3C,Hawaii,Molokai,21.1295,-156.9209,1095m,,
DR21E4,Hawaii,Molokai,21.1332,-156.9329,1028m,,
DR21E5,Hawaii,Molokai,21.0808,-157.0041,5m,,
DR21E6,Hawaii,Molokai,21.111,-157.0565,30m,,
DR21E7,Hawaii,Oahu,21.505,-158.147,1200m,,
DR21E8,Hawaii,Oahu,21.5033,-158.1478,1190m,,
DR21E9,Hawaii,Oʻahu,21.5195,-158.1738,860m,,
DR21E10,Hawaii,Oʻahu,21.5201,-158.1734,840m,,
DR21E11,Hawaii,Oʻahu,21.5201,-158.1731,840m,,
DR21E12,Hawaii,Oahu,21.3166,-157.7538,455m,,
DR21E13,Hawaii,Oahu,21.3166,-157.7538,455m,,
DR21E14,Hawaii,Oahu,21.3155,-157.7538,400m,,
DR21E17A,Hawaii,Oʻahu,21.5074,-158.1962,682m,,
DR21E17B,Hawaii,Oʻahu,21.5076,-158.1964,649m,,
DR21E17C,Hawaii,Oʻahu,21.5066,-158.1934,871m,,
DR21E17D,Hawaii,Oʻahu,21.5061,-158.2063,286m,,
DR21E17E,Hawaii,Oʻahu,21.5076,-158.1964,649m,,
DR21F4A,Hawaii,Oʻahu,21.3249,-157.771,334m,,
BR21F1,Hawaii,Hawaiʻi,19.8258,-155.4749,4177m,,
DR21G1A,Hawaii,Oʻahu,21.356,-157.7879,895m,,
DR21H6A,Hawaii,Oʻahu,21.309,-157.745,400m,,
DR21G2,Hawaii,Hawaiʻi,19.6721,-155.3379,1560m,,
DR21G2A,Hawaii,Hawaiʻi,19.6721,-155.3379,1560m,,
DR21G2B,Hawaii,Hawaiʻi,19.6721,-155.3379,1560m,,
DR21G2C,Hawaii,Hawaiʻi,19.6721,-155.3379,1560m,,
DR21G2D,Hawaii,Hawaiʻi,19.6721,-155.3379,1560m,,
DR21H11A,Hawaii,Oʻahu,21.3375,-157.8134,540m,,
DR21H11B,Hawaii,Oʻahu,21.3375,-157.8134,540m,,
DR21I2,Hawaii,Oʻahu,21.5027,-158.1495,1140m,,
DR21J1A,Hawaii,Oʻahu,21.3086,-157.7299,260m,,
DR21J1B,Hawaii,Oʻahu,21.3135,-157.7296,410m,,
DR21J1C,Hawaii,Oʻahu,21.3126,-157.73,390m,,
DR21J2A,Hawaii,Oʻahu,21.467,-158.103,810m,,
DR21J2B,Hawaii,Oʻahu,21.467,-158.103,810m,,
DR21J2C,Hawaii,Oʻahu,21.467,-158.103,810m,,
DR21J2D,Hawaii,Oʻahu,21.467,-158.103,810m,,
DR21J2E,Hawaii,Oʻahu,21.467,-158.103,810m,,
DR21J2F,Hawaii,Oʻahu,21.467,-158.103,810m,,
DR21J2G,Hawaii,Oʻahu,21.467,-158.103,810m,,
DR21J2H,Hawaii,Oʻahu,21.467,-158.103,810m,,
DR21J2I,Hawaii,Oʻahu,21.467,-158.103,810m,,
DR21J2J,Hawaii,Oʻahu,21.467,-158.103,810m,,
DR21J2K,Hawaii,Oʻahu,21.467,-158.103,810m,,
DR21J2L,Hawaii,Oʻahu,21.467,-158.103,810m,,
DR21J2M,Hawaii,Oʻahu,21.467,-158.103,810m,,
DR21J2N,Hawaii,Oʻahu,21.467,-158.103,810m,,
DR21J2O,Hawaii,Oʻahu,21.467,-158.103,810m,,
DR21J5A,Hawaii,Kauai,22.0982,-159.6115,550m,,
DR21L3C,Hawaii,Oʻahu,21.5401,-158.192,610m,,
DR21J5B,Hawaii,Kauai,22.0982,-159.6115,550m,,
DR21J5C,Hawaii,Kauai,22.1007,-159.6103,565m,,
DR21J5D,Hawaii,Kauai,22.1,-159.6111,560m,,
DR21J5E,Hawaii,Kauai,22.1007,-159.6103,565m,,
DR21J5F,Hawaii,Kauai,22.0984,-159.611,555m,,
DR21J5H,Hawaii,Kauai,22.1007,-159.6103,565m,,
DR21J5I,Hawaii,Kauai,22.1007,-159.6103,565m,,
DR21J5J,Hawaii,Kauai,22.1007,-159.6103,565m,,
DR21J5K,Hawaii,Kauai,22.1007,-159.6103,565m,,
DR21J5L,Hawaii,Kauai,22.1007,-159.6103,565m,,
DR21J5M,Hawaii,Kauai,22.1007,-159.6103,565m,,
DR21J13A,Hawaii,Oʻahu,21.315,-157.738,530m,,
DR21J14A,Hawaii,Oʻahu,21.3185,-157.7197,545m,,
DR21J14B,Hawaii,Oʻahu,21.3185,-157.7197,545m,,
DR21J15A,Hawaii,Oʻahu,21.3141,-157.7197,300m,,
DR21J15B,Hawaii,Oʻahu,21.3141,-157.7197,300m,,
DR21K1,Hawaii,Oʻahu,21.5516,-158.221,550m,,
DR21J5G,Hawaii,Kauai,22.1007,-159.6103,565m,,
DR21J6C,Hawaii,Oʻahu,21.353,-157.8334,450m,,
DR21K5A,Hawaii,Oʻahu,21.4491,-157.8917,545m,,
DR21K5B,Hawaii,Oʻahu,21.4499,-157.8899,560m,,
DR21K5C,Hawaii,Oʻahu,21.4502,-157.8887,575m,,
DR21K9A,Hawaii,Oʻahu,21.5569,-158.2111,460m,,
DR21K9B,Hawaii,Oʻahu,21.5569,-158.2111,460m,,
DR21K9C,Hawaii,Oʻahu,21.5569,-158.2111,460m,,
DR21K9D,Hawaii,Oʻahu,21.5569,-158.2111,460m,,
DR21K9E,Hawaii,Oʻahu,21.5569,-158.2111,460m,,
DR21K9F,Hawaii,Oʻahu,21.5569,-158.2111,460m,,
DR21K9G,Hawaii,Oʻahu,21.5569,-158.2111,460m,,
DR21K9H,Hawaii,Oʻahu,21.5569,-158.2111,460m,,
DR21K9I,Hawaii,Oʻahu,21.5569,-158.2111,460m,,
DR21K9J,Hawaii,Oʻahu,21.5569,-158.2111,460m,,
DR21K9K,Hawaii,Oʻahu,21.5569,-158.2111,460m,,
DR21K6C,Hawaii,Oʻahu,21.3376,-157.8108,565m,,
DR21K6B,Hawaii,Oʻahu,21.3379,-157.8108,555m,,
DR21K6A,Hawaii,Oʻahu,21.3381,-157.811,560m,,
DR21K9L,Hawaii,Oʻahu,21.5569,-158.2111,460m,,
DR21K9M,Hawaii,Oʻahu,21.5569,-158.2111,460m,,
DR21K9N,Hawaii,Oʻahu,21.5569,-158.2111,460m,,
DR21K9O,Hawaii,Oʻahu,21.5569,-158.2111,460m,,
DR21K9P,Hawaii,Oʻahu,21.5569,-158.2111,460m,,
DR21K9Q,Hawaii,Oʻahu,21.5569,-158.2111,460m,,
DR21K9R,Hawaii,Oʻahu,21.5569,-158.2111,460m,,
DR21K9S,Hawaii,Oʻahu,21.5569,-158.2111,460m,,
DR21K9T,Hawaii,Oʻahu,21.5569,-158.2111,460m,,
DR21K9U,Hawaii,Oʻahu,21.5569,-158.2111,460m,,
DR21K9V,Hawaii,Oʻahu,21.5569,-158.2111,460m,,
DR21K9W,Hawaii,Oʻahu,21.5569,-158.2111,460m,,
DR21K9X,Hawaii,Oʻahu,21.5569,-158.2111,460m,,
DR21K9Y,Hawaii,Oʻahu,21.5569,-158.2111,460m,,
DR21K9Z,Hawaii,Oʻahu,21.5569,-158.2111,460m,,
DR21K9AA,Hawaii,Oʻahu,21.5569,-158.2111,460m,,
DR21K9AB,Hawaii,Oʻahu,21.5569,-158.2111,460m,,
DR21K9AC,Hawaii,Oʻahu,21.5569,-158.2111,460m,,
DR21K9AD,Hawaii,Oʻahu,21.5569,-158.2111,460m,,
DR21K9AE,Hawaii,Oʻahu,21.5569,-158.2111,460m,,
DR21K9AF,Hawaii,Oʻahu,21.5569,-158.2111,460m,,
DR21K9AG,Hawaii,Oʻahu,21.5569,-158.2111,460m,,
DR21K9AH,Hawaii,Oʻahu,21.5569,-158.2111,460m,,
DR21K9AI,Hawaii,Oʻahu,21.5569,-158.2111,460m,,
DR21L1A,Hawaii,Oʻahu,21.5132,-158.1952,855m,,
DR21L1B,Hawaii,Oʻahu,21.5132,-158.1952,855m,,
DR21L1C,Hawaii,Oʻahu,21.5131,-158.2075,630m,,
DR21L1D,Hawaii,Oʻahu,21.5131,-158.2075,630m,,
DR21L2A,Hawaii,Oʻahu,21.5474,-158.2234,435m,,
DR21L2B,Hawaii,Oʻahu,21.5473,-158.2233,455m,,
DR21L2C,Hawaii,Oʻahu,21.5473,-158.2233,455m,,
DR21L2D,Hawaii,Oʻahu,21.5474,-158.2235,440m,,
DR21L2E,Hawaii,Oʻahu,21.5451,-158.2249,420m,,
DR21L3A,Hawaii,Oʻahu,21.541,-158.1912,570m,,
DR21L3B,Hawaii,Oʻahu,21.541,-158.1912,570m,,
DR21L3D,Hawaii,Oʻahu,21.541,-158.1922,585m,,
DR21L3E,Hawaii,Oʻahu,21.5416,-158.1931,610m,,
DR22A2A,Hawaii,Oʻahu,21.367,-157.7922,350m,,
DR22A2B,Hawaii,Oʻahu,21.367,-157.7922,350m,,
DR22A2C,Hawaii,Oʻahu,21.367,-157.7922,350m,,
DR22A3A,Hawaii,Oʻahu,21.5789,-158.2369,8m,,
DR22A14A,Hawaii,Oʻahu,21.5039,-158.1473,1200m,,
DR22A14B,Hawaii,Oʻahu,21.5035,-158.1476,1200m,,
DR22A14C,Hawaii,Oʻahu,21.5127,-158.1455,1120m,,
DR22A14D,Hawaii,Oʻahu,21.507,-158.144,1210m,,
DR22A14E,Hawaii,Oʻahu,21.5112,-158.1454,1150m,,
DR22A14F,Hawaii,Oʻahu,21.5131,-158.1451,1090m,,
DR22A14G,Hawaii,Oʻahu,21.5127,-158.1455,1120m,,
DR22A35A,Hawaii,Oʻahu,21.3421,-157.7876,720m,,
DR22A35B,Hawaii,Oʻahu,21.3421,-157.7876,720m,,
DR22A36,Hawaii,Oʻahu,21.3478,-157.7889,789m,,
DR22A37,Hawaii,Oʻahu,21.3525,-157.7889,895m,,
DR22A38,Hawaii,Oʻahu,21.3478,-157.7889,789m,,
DR22A39,Hawaii,Oʻahu,21.3532,-157.7889,919m,also Ph. sp 5 in Johns et al.,